{"cameraMode":{"drawMode":0,"name":"Shaded","section":"Shading Mode"},"sceneLighting":false,"audioPlay":false,"sceneViewState":{"showFog":true,"showMaterialUpdate":false,"showSkybox":false,"showFlares":true,"showImageEffects":true,"showParticleSystems":true},"in2DMode":false,"pivot":{"x":-8.127084732055664,"y":1.993492603302002,"z":7.9482293128967289},"rotation":{"x":-0.315654993057251,"y":-0.4007329046726227,"z":0.1493399441242218,"w":-0.84706050157547},"size":4.173964023590088,"orthographic":false}