{"cameraMode":{"drawMode":0,"name":"Shaded","section":"Shading Mode"},"sceneLighting":true,"audioPlay":false,"sceneViewState":{"showFog":true,"showMaterialUpdate":false,"showSkybox":true,"showFlares":true,"showImageEffects":true,"showParticleSystems":true},"in2DMode":false,"pivot":{"x":-7.32746696472168,"y":2.619152069091797,"z":-2.744208574295044},"rotation":{"x":-0.044019509106874469,"y":-0.8233062028884888,"z":-0.06465934962034226,"w":0.5624894499778748},"size":4.401803493499756,"orthographic":false}